{
  "publicPath": "/dist/",
  "all": [
    "0.14895e60e81bd17ead65.js",
    "vendor.a4eaaa95273c4f50b361.js",
    "app.c588cb145205f6cb4437.js",
    "manifest.a9b4f2bab7187389871b.js",
    "common.c588cb145205f6cb4437.css"
  ],
  "initial": [
    "manifest.a9b4f2bab7187389871b.js",
    "vendor.a4eaaa95273c4f50b361.js",
    "app.c588cb145205f6cb4437.js"
  ],
  "async": [
    "0.14895e60e81bd17ead65.js"
  ],
  "modules": {
    "be172844": [
      1
    ],
    "35902bbe": [
      1
    ],
    "2f674024": [
      1
    ],
    "7962a120": [
      1
    ],
    "7e1f6c0c": [
      2,
      4
    ],
    "8af41f0e": [
      2,
      4
    ],
    "c4bc7148": [
      2,
      4
    ],
    "40aa6d28": [
      2,
      4
    ],
    "49c592dd": [
      1
    ],
    "2a77561a": [
      1
    ],
    "43c0d318": [
      1
    ],
    "918060ec": [
      1
    ],
    "57b3f039": [
      1
    ],
    "38c3e68c": [
      2,
      4
    ],
    "3371a197": [
      1
    ],
    "d6888d18": [
      1
    ],
    "07a95812": [
      2,
      4
    ],
    "6ac01a54": [
      2,
      4
    ],
    "f1377c52": [
      2,
      4
    ],
    "6b5177a5": [
      1
    ],
    "1e753184": [
      1
    ],
    "0152574e": [
      1
    ],
    "474453d5": [
      0
    ],
    "0f181740": [
      0
    ],
    "56caeb38": [
      0
    ]
  }
}